<publishData><publishProfile profileName="MohitAI - Web Deploy" publishMethod="MSDeploy" publishUrl="mohitai-bne0cjawgxgucnhq.scm.centralus-01.azurewebsites.net:443" msdeploySite="MohitAI" userName="$MohitAI" userPWD="fmqKFwddclPvCSrKPMiXhil10kbp9MSok2ryiBJAtbxL4yBlXnprmKsGmGBK" destinationAppUrl="https://mohitai-bne0cjawgxgucnhq.centralus-01.azurewebsites.net" SQLServerDBConnectionString="" mySQLDBConnectionString="" hostingProviderForumLink="" controlPanelLink="https://portal.azure.com" webSystem="WebSites"><databases /></publishProfile><publishProfile profileName="MohitAI - FTP" publishMethod="FTP" publishUrl="ftps://waws-prod-dm1-123.ftp.azurewebsites.windows.net/site/wwwroot" ftpPassiveMode="True" userName="MohitAI\$MohitAI" userPWD="fmqKFwddclPvCSrKPMiXhil10kbp9MSok2ryiBJAtbxL4yBlXnprmKsGmGBK" destinationAppUrl="https://mohitai-bne0cjawgxgucnhq.centralus-01.azurewebsites.net" SQLServerDBConnectionString="" mySQLDBConnectionString="" hostingProviderForumLink="" controlPanelLink="https://portal.azure.com" webSystem="WebSites"><databases /></publishProfile><publishProfile profileName="MohitAI - Zip Deploy" publishMethod="ZipDeploy" publishUrl="mohitai-bne0cjawgxgucnhq.scm.centralus-01.azurewebsites.net:443" userName="$MohitAI" userPWD="fmqKFwddclPvCSrKPMiXhil10kbp9MSok2ryiBJAtbxL4yBlXnprmKsGmGBK" destinationAppUrl="https://mohitai-bne0cjawgxgucnhq.centralus-01.azurewebsites.net" SQLServerDBConnectionString="" mySQLDBConnectionString="" hostingProviderForumLink="" controlPanelLink="https://portal.azure.com" webSystem="WebSites"><databases /></publishProfile><publishProfile profileName="MohitAI - ReadOnly - FTP" publishMethod="FTP" publishUrl="ftps://waws-prod-dm1-123dr.ftp.azurewebsites.windows.net/site/wwwroot" ftpPassiveMode="True" userName="MohitAI\$MohitAI" userPWD="fmqKFwddclPvCSrKPMiXhil10kbp9MSok2ryiBJAtbxL4yBlXnprmKsGmGBK" destinationAppUrl="https://mohitai-bne0cjawgxgucnhq.centralus-01.azurewebsites.net" SQLServerDBConnectionString="" mySQLDBConnectionString="" hostingProviderForumLink="" controlPanelLink="https://portal.azure.com" webSystem="WebSites"><databases /></publishProfile></publishData>
